Vehicle_Type,avg_customer_rating
Prime Plus,4.0094986225895139
Prime SUV,3.9993775011116148
eBike,3.9878540305010768
Bike,3.9933763958835073
Prime Sedan,4.001588655506974
Auto,3.9988109523290247
Mini,3.9977312970340795