Vehicle_Type,avg_distance
Prime Plus,15.447473991976629
Prime SUV,15.274513817809614
eBike,15.580588552915799
Bike,15.533078706861279
Prime Sedan,15.764939167842979
Auto,6.2380887834632546
Mini,15.510101704233103